"ROWID","CREATORID","CREATEDTIME","MODIFIEDTIME","UnitName","UnitCode","DistrictId","UnitTypeId","ParentUnitId"
"48211000000054017","48211000000013007","2026-07-21 13:32:52:993","2026-07-21 13:32:52:993","Cubbon Park PS","BLR-CP","48211000000048013","48211000000054006",""
"48211000000054018","48211000000013007","2026-07-21 13:32:52:997","2026-07-21 13:32:52:997","Whitefield PS","BLR-WF","48211000000048013","48211000000054006",""
"48211000000054019","48211000000013007","2026-07-21 13:32:52:999","2026-07-21 13:32:52:999","Mysuru City PS","MYS-CT","48211000000048014","48211000000054006",""
"48211000000054020","48211000000013007","2026-07-21 13:32:53:001","2026-07-21 13:32:53:001","Mysuru Circle Office","MYS-CO","48211000000048014","48211000000054007",""
"48211000000054021","48211000000013007","2026-07-21 13:32:53:003","2026-07-21 13:32:53:003","Mangaluru North PS","MNG-NP","48211000000048015","48211000000054006",""
"48211000000054022","48211000000013007","2026-07-21 13:32:53:005","2026-07-21 13:32:53:005","Mangaluru South PS","MNG-SP","48211000000048015","48211000000054006",""
"48211000000054023","48211000000013007","2026-07-21 13:32:53:007","2026-07-21 13:32:53:007","Belagavi Camp PS","BEL-CP","48211000000048016","48211000000054006",""
"48211000000054024","48211000000013007","2026-07-21 13:32:53:008","2026-07-21 13:32:53:008","Belagavi Rural PS","BEL-RP","48211000000048016","48211000000054006",""
"48211000000054025","48211000000013007","2026-07-21 13:32:53:010","2026-07-21 13:32:53:010","Hubballi City PS","HBD-CT","48211000000048017","48211000000054006",""
"48211000000054026","48211000000013007","2026-07-21 13:32:53:012","2026-07-21 13:32:53:012","Dharwad District HQ","HBD-HQ","48211000000048017","48211000000054009",""
"48211000000054027","48211000000013007","2026-07-21 13:32:53:013","2026-07-21 13:32:53:013","Kalaburagi Town PS","KLB-TN","48211000000048018","48211000000054006",""
"48211000000054028","48211000000013007","2026-07-21 13:32:53:015","2026-07-21 13:32:53:015","Kalaburagi Sub-Division","KLB-SD","48211000000048018","48211000000054008",""
"48211000000072933","48211000000013007","2026-07-22 09:17:26:999","2026-07-22 09:17:26:999","Bagalkote PS","BAGBAG","48211000000054381","48211000000054006",""
"48211000000072934","48211000000013007","2026-07-22 09:17:27:003","2026-07-22 09:17:27:003","Jamkhandi PS","BAGJAM","48211000000054381","48211000000054006",""
"48211000000072935","48211000000013007","2026-07-22 09:17:27:005","2026-07-22 09:17:27:005","Mudhola PS","BAGMUD","48211000000054381","48211000000054006",""
"48211000000072936","48211000000013007","2026-07-22 09:17:27:006","2026-07-22 09:17:27:006","Badami PS","BAGBAD","48211000000054381","48211000000054006",""
"48211000000072937","48211000000013007","2026-07-22 09:17:27:008","2026-07-22 09:17:27:008","Bilagi PS","BAGBIL","48211000000054381","48211000000054006",""
"48211000000072938","48211000000013007","2026-07-22 09:17:27:009","2026-07-22 09:17:27:009","Hunagunda PS","BAGHUN","48211000000054381","48211000000054006",""
"48211000000072939","48211000000013007","2026-07-22 09:17:27:011","2026-07-22 09:17:27:011","Ilkal PS","BAGILK","48211000000054381","48211000000054006",""
"48211000000072940","48211000000013007","2026-07-22 09:17:27:012","2026-07-22 09:17:27:012","Rabkavi Banhatti PS","BAGRAB","48211000000054381","48211000000054006",""
"48211000000072941","48211000000013007","2026-07-22 09:17:27:013","2026-07-22 09:17:27:013","Guledgudda PS","BAGGUL","48211000000054381","48211000000054006",""
"48211000000072942","48211000000013007","2026-07-22 09:17:27:015","2026-07-22 09:17:27:015","Ballari PS","BALBAL","48211000000054382","48211000000054006",""
"48211000000072943","48211000000013007","2026-07-22 09:17:27:016","2026-07-22 09:17:27:016","Kurugodu PS","BALKUR","48211000000054382","48211000000054006",""
"48211000000072944","48211000000013007","2026-07-22 09:17:27:018","2026-07-22 09:17:27:018","Kampli PS","BALKAM","48211000000054382","48211000000054006",""
"48211000000072945","48211000000013007","2026-07-22 09:17:27:019","2026-07-22 09:17:27:019","Sanduru PS","BALSAN","48211000000054382","48211000000054006",""
"48211000000072946","48211000000013007","2026-07-22 09:17:27:021","2026-07-22 09:17:27:021","Siraguppa PS","BALSIR","48211000000054382","48211000000054006",""
"48211000000072947","48211000000013007","2026-07-22 09:17:27:022","2026-07-22 09:17:27:022","Belagavi PS","BELBEL","48211000000048016","48211000000054006",""
"48211000000072948","48211000000013007","2026-07-22 09:17:27:024","2026-07-22 09:17:27:024","Athani PS","BELATH","48211000000048016","48211000000054006",""
"48211000000072949","48211000000013007","2026-07-22 09:17:27:025","2026-07-22 09:17:27:025","Bailhongal PS","BELBAI","48211000000048016","48211000000054006",""
"48211000000072950","48211000000013007","2026-07-22 09:17:27:027","2026-07-22 09:17:27:027","Chikkodi PS","BELCHI","48211000000048016","48211000000054006",""
"48211000000072951","48211000000013007","2026-07-22 09:17:27:028","2026-07-22 09:17:27:028","Gokak PS","BELGOK","48211000000048016","48211000000054006",""
"48211000000072952","48211000000013007","2026-07-22 09:17:27:029","2026-07-22 09:17:27:029","Khanapura PS","BELKHA","48211000000048016","48211000000054006",""
"48211000000072953","48211000000013007","2026-07-22 09:17:27:031","2026-07-22 09:17:27:031","Mudalgi PS","BELMUD","48211000000048016","48211000000054006",""
"48211000000072954","48211000000013007","2026-07-22 09:17:27:032","2026-07-22 09:17:27:032","Nippani PS","BELNIP","48211000000048016","48211000000054006",""
"48211000000072955","48211000000013007","2026-07-22 09:17:27:034","2026-07-22 09:17:27:034","Rayabaga PS","BELRAY","48211000000048016","48211000000054006",""
"48211000000072956","48211000000013007","2026-07-22 09:17:27:035","2026-07-22 09:17:27:035","Savadatti PS","BELSAV","48211000000048016","48211000000054006",""
"48211000000072957","48211000000013007","2026-07-22 09:17:27:036","2026-07-22 09:17:27:036","Ramadurga PS","BELRAM","48211000000048016","48211000000054006",""
"48211000000072958","48211000000013007","2026-07-22 09:17:27:038","2026-07-22 09:17:27:038","Kagawada PS","BELKAG","48211000000048016","48211000000054006",""
"48211000000072959","48211000000013007","2026-07-22 09:17:27:039","2026-07-22 09:17:27:039","Hukkeri PS","BELHUK","48211000000048016","48211000000054006",""
"48211000000072960","48211000000013007","2026-07-22 09:17:27:041","2026-07-22 09:17:27:041","Kitturu PS","BELKIT","48211000000048016","48211000000054006",""
"48211000000072961","48211000000013007","2026-07-22 09:17:27:042","2026-07-22 09:17:27:042","Yargatti PS","BELYAR","48211000000048016","48211000000054006",""
"48211000000072962","48211000000013007","2026-07-22 09:17:27:044","2026-07-22 09:17:27:044","Bengaluru PS","BENBEN","48211000000048013","48211000000054006",""
"48211000000072963","48211000000013007","2026-07-22 09:17:27:045","2026-07-22 09:17:27:045","Kengeri PS","BENKEN","48211000000048013","48211000000054006",""
"48211000000072964","48211000000013007","2026-07-22 09:17:27:047","2026-07-22 09:17:27:047","Krishnarajapura PS","BENKRI","48211000000048013","48211000000054006",""
"48211000000072965","48211000000013007","2026-07-22 09:17:27:048","2026-07-22 09:17:27:048","Anekal PS","BENANE","48211000000048013","48211000000054006",""
"48211000000072966","48211000000013007","2026-07-22 09:17:27:050","2026-07-22 09:17:27:050","Yelahanka PS","BENYEL","48211000000048013","48211000000054006",""
"48211000000072967","48211000000013007","2026-07-22 09:17:27:051","2026-07-22 09:17:27:051","Nelamangala PS","BENNEL","48211000000054383","48211000000054006",""
"48211000000072968","48211000000013007","2026-07-22 09:17:27:052","2026-07-22 09:17:27:052","Doddaballapura PS","BENDOD","48211000000054383","48211000000054006",""
"48211000000072969","48211000000013007","2026-07-22 09:17:27:054","2026-07-22 09:17:27:054","Devanahalli PS","BENDEV","48211000000054383","48211000000054006",""
"48211000000072970","48211000000013007","2026-07-22 09:17:27:055","2026-07-22 09:17:27:055","Hosakote PS","BENHOS","48211000000054383","48211000000054006",""
"48211000000072971","48211000000013007","2026-07-22 09:17:27:057","2026-07-22 09:17:27:057","Aurad PS","BIDAUR","48211000000054384","48211000000054006",""
"48211000000072972","48211000000013007","2026-07-22 09:17:27:058","2026-07-22 09:17:27:058","Basavakalyana PS","BIDBAS","48211000000054384","48211000000054006",""
"48211000000072973","48211000000013007","2026-07-22 09:17:27:060","2026-07-22 09:17:27:060","Bhalki PS","BIDBHA","48211000000054384","48211000000054006",""
"48211000000072974","48211000000013007","2026-07-22 09:17:27:061","2026-07-22 09:17:27:061","Bidar PS","BIDBID","48211000000054384","48211000000054006",""
"48211000000072975","48211000000013007","2026-07-22 09:17:27:062","2026-07-22 09:17:27:062","Chitgoppa PS","BIDCHI","48211000000054384","48211000000054006",""
"48211000000072976","48211000000013007","2026-07-22 09:17:27:064","2026-07-22 09:17:27:064","Hulsuru PS","BIDHUL","48211000000054384","48211000000054006",""
"48211000000072977","48211000000013007","2026-07-22 09:17:27:065","2026-07-22 09:17:27:065","Humnabad PS","BIDHUM","48211000000054384","48211000000054006",""
"48211000000072978","48211000000013007","2026-07-22 09:17:27:067","2026-07-22 09:17:27:067","Kamalanagara PS","BIDKAM","48211000000054384","48211000000054006",""
"48211000000072979","48211000000013007","2026-07-22 09:17:27:068","2026-07-22 09:17:27:068","Chamarajanagara PS","CHACHA","48211000000054385","48211000000054006",""
"48211000000072980","48211000000013007","2026-07-22 09:17:27:070","2026-07-22 09:17:27:070","Gundlupete PS","CHAGUN","48211000000054385","48211000000054006",""
"48211000000072981","48211000000013007","2026-07-22 09:17:27:071","2026-07-22 09:17:27:071","Kollegala PS","CHAKOL","48211000000054385","48211000000054006",""
"48211000000072982","48211000000013007","2026-07-22 09:17:27:073","2026-07-22 09:17:27:073","Yelanduru PS","CHAYEL","48211000000054385","48211000000054006",""
"48211000000072983","48211000000013007","2026-07-22 09:17:27:074","2026-07-22 09:17:27:074","Hanuru PS","CHAHAN","48211000000054385","48211000000054006",""
"48211000000072984","48211000000013007","2026-07-22 09:17:27:076","2026-07-22 09:17:27:076","Chikkaballapura PS","CHICHI","48211000000054386","48211000000054006",""
"48211000000072985","48211000000013007","2026-07-22 09:17:27:077","2026-07-22 09:17:27:077","Bagepalli PS","CHIBAG","48211000000054386","48211000000054006",""
"48211000000072986","48211000000013007","2026-07-22 09:17:27:078","2026-07-22 09:17:27:078","Chintamani PS","CHICHI2","48211000000054386","48211000000054006",""
"48211000000072987","48211000000013007","2026-07-22 09:17:27:080","2026-07-22 09:17:27:080","Gauribidanuru PS","CHIGAU","48211000000054386","48211000000054006",""
"48211000000072988","48211000000013007","2026-07-22 09:17:27:081","2026-07-22 09:17:27:081","Gudibanda PS","CHIGUD","48211000000054386","48211000000054006",""
"48211000000072989","48211000000013007","2026-07-22 09:17:27:083","2026-07-22 09:17:27:083","Sidlaghatta PS","CHISID","48211000000054386","48211000000054006",""
"48211000000072990","48211000000013007","2026-07-22 09:17:27:084","2026-07-22 09:17:27:084","Cheluru PS","CHICHE","48211000000054386","48211000000054006",""
"48211000000072991","48211000000013007","2026-07-22 09:17:27:085","2026-07-22 09:17:27:085","Manchenahalli PS","CHIMAN","48211000000054386","48211000000054006",""
"48211000000072992","48211000000013007","2026-07-22 09:17:27:087","2026-07-22 09:17:27:087","Chikkamagaluru PS","CHICHI3","48211000000054387","48211000000054006",""
"48211000000072993","48211000000013007","2026-07-22 09:17:27:088","2026-07-22 09:17:27:088","Kaduru PS","CHIKAD","48211000000054387","48211000000054006",""
"48211000000072994","48211000000013007","2026-07-22 09:17:27:090","2026-07-22 09:17:27:090","Koppa PS","CHIKOP","48211000000054387","48211000000054006",""
"48211000000072995","48211000000013007","2026-07-22 09:17:27:091","2026-07-22 09:17:27:091","Mudigere PS","CHIMUD","48211000000054387","48211000000054006",""
"48211000000072996","48211000000013007","2026-07-22 09:17:27:093","2026-07-22 09:17:27:093","Narasimharajapura PS","CHINAR","48211000000054387","48211000000054006",""
"48211000000072997","48211000000013007","2026-07-22 09:17:27:094","2026-07-22 09:17:27:094","Sringeri PS","CHISRI","48211000000054387","48211000000054006",""
"48211000000072998","48211000000013007","2026-07-22 09:17:27:095","2026-07-22 09:17:27:095","Tarikere PS","CHITAR","48211000000054387","48211000000054006",""
"48211000000072999","48211000000013007","2026-07-22 09:17:27:097","2026-07-22 09:17:27:097","Ajjampura PS","CHIAJJ","48211000000054387","48211000000054006",""
"48211000000073000","48211000000013007","2026-07-22 09:17:27:098","2026-07-22 09:17:27:098","Kalasa PS","CHIKAL","48211000000054387","48211000000054006",""
"48211000000074001","48211000000013007","2026-07-22 09:17:27:100","2026-07-22 09:17:27:100","Chitradurga PS","CHICHI4","48211000000054388","48211000000054006",""
"48211000000074002","48211000000013007","2026-07-22 09:17:27:101","2026-07-22 09:17:27:101","Challakere PS","CHICHA","48211000000054388","48211000000054006",""
"48211000000074003","48211000000013007","2026-07-22 09:17:27:103","2026-07-22 09:17:27:103","Hiriyur PS","CHIHIR","48211000000054388","48211000000054006",""
"48211000000074004","48211000000013007","2026-07-22 09:17:27:104","2026-07-22 09:17:27:104","Holalkere PS","CHIHOL","48211000000054388","48211000000054006",""
"48211000000074005","48211000000013007","2026-07-22 09:17:27:106","2026-07-22 09:17:27:106","Hosadurga PS","CHIHOS","48211000000054388","48211000000054006",""
"48211000000074006","48211000000013007","2026-07-22 09:17:27:107","2026-07-22 09:17:27:107","Molakalmuru PS","CHIMOL","48211000000054388","48211000000054006",""
"48211000000074007","48211000000013007","2026-07-22 09:17:27:109","2026-07-22 09:17:27:109","Mangaluru PS","MANMAN","48211000000048015","48211000000054006",""
"48211000000074008","48211000000013007","2026-07-22 09:17:27:110","2026-07-22 09:17:27:110","Ullal PS","MANULL","48211000000048015","48211000000054006",""
"48211000000074009","48211000000013007","2026-07-22 09:17:27:111","2026-07-22 09:17:27:111","Mulki PS","MANMUL","48211000000048015","48211000000054006",""
"48211000000074010","48211000000013007","2026-07-22 09:17:27:113","2026-07-22 09:17:27:113","Moodbidri PS","MANMOO","48211000000048015","48211000000054006",""
"48211000000074011","48211000000013007","2026-07-22 09:17:27:114","2026-07-22 09:17:27:114","Bantwala PS","MANBAN","48211000000048015","48211000000054006",""
"48211000000074012","48211000000013007","2026-07-22 09:17:27:115","2026-07-22 09:17:27:115","Belathangadi PS","MANBEL","48211000000048015","48211000000054006",""
"48211000000074013","48211000000013007","2026-07-22 09:17:27:117","2026-07-22 09:17:27:117","Putturu PS","MANPUT","48211000000048015","48211000000054006",""
"48211000000074014","48211000000013007","2026-07-22 09:17:27:118","2026-07-22 09:17:27:118","Sulya PS","MANSUL","48211000000048015","48211000000054006",""
"48211000000074015","48211000000013007","2026-07-22 09:17:27:120","2026-07-22 09:17:27:120","Kadaba PS","MANKAD","48211000000048015","48211000000054006",""
"48211000000074016","48211000000013007","2026-07-22 09:17:27:121","2026-07-22 09:17:27:121","Davanagere PS","DAVDAV","48211000000054389","48211000000054006",""
"48211000000074017","48211000000013007","2026-07-22 09:17:27:122","2026-07-22 09:17:27:122","Harihara PS","DAVHAR","48211000000054389","48211000000054006",""
"48211000000074018","48211000000013007","2026-07-22 09:17:27:124","2026-07-22 09:17:27:124","Channagiri PS","DAVCHA","48211000000054389","48211000000054006",""
"48211000000074019","48211000000013007","2026-07-22 09:17:27:125","2026-07-22 09:17:27:125","Honnali PS","DAVHON","48211000000054389","48211000000054006",""
"48211000000074020","48211000000013007","2026-07-22 09:17:27:127","2026-07-22 09:17:27:127","Nyamathi PS","DAVNYA","48211000000054389","48211000000054006",""
"48211000000074021","48211000000013007","2026-07-22 09:17:27:128","2026-07-22 09:17:27:128","Jagaluru PS","DAVJAG","48211000000054389","48211000000054006",""
"48211000000074022","48211000000013007","2026-07-22 09:17:27:129","2026-07-22 09:17:27:129","Kalghatgi PS","HUBKAL","48211000000048017","48211000000054006",""
"48211000000074023","48211000000013007","2026-07-22 09:17:27:131","2026-07-22 09:17:27:131","Dharwad PS","HUBDHA","48211000000048017","48211000000054006",""
"48211000000074024","48211000000013007","2026-07-22 09:17:27:132","2026-07-22 09:17:27:132","Hubballi Rural PS","HUBHUB","48211000000048017","48211000000054006",""
"48211000000074025","48211000000013007","2026-07-22 09:17:27:134","2026-07-22 09:17:27:134","Hubballi Urban PS","HUBHUB2","48211000000048017","48211000000054006",""
"48211000000074026","48211000000013007","2026-07-22 09:17:27:135","2026-07-22 09:17:27:135","Kundagolu PS","HUBKUN","48211000000048017","48211000000054006",""
"48211000000074027","48211000000013007","2026-07-22 09:17:27:137","2026-07-22 09:17:27:137","Navalgunda PS","HUBNAV","48211000000048017","48211000000054006",""
"48211000000074028","48211000000013007","2026-07-22 09:17:27:138","2026-07-22 09:17:27:138","Alnavara PS","HUBALN","48211000000048017","48211000000054006",""
"48211000000074029","48211000000013007","2026-07-22 09:17:27:140","2026-07-22 09:17:27:140","Annigeri PS","HUBANN","48211000000048017","48211000000054006",""
"48211000000074030","48211000000013007","2026-07-22 09:17:27:141","2026-07-22 09:17:27:141","Gadag PS","GADGAD","48211000000054390","48211000000054006",""
"48211000000074031","48211000000013007","2026-07-22 09:17:27:142","2026-07-22 09:17:27:142","Naragunda PS","GADNAR","48211000000054390","48211000000054006",""
"48211000000074032","48211000000013007","2026-07-22 09:17:27:144","2026-07-22 09:17:27:144","Mundaragi PS","GADMUN","48211000000054390","48211000000054006",""
"48211000000074033","48211000000013007","2026-07-22 09:17:27:145","2026-07-22 09:17:27:145","Rona PS","GADRON","48211000000054390","48211000000054006",""
"48211000000074034","48211000000013007","2026-07-22 09:17:27:147","2026-07-22 09:17:27:147","Gajendragada PS","GADGAJ","48211000000054390","48211000000054006",""
"48211000000074035","48211000000013007","2026-07-22 09:17:27:148","2026-07-22 09:17:27:148","Lakshmeshwara PS","GADLAK","48211000000054390","48211000000054006",""
"48211000000074036","48211000000013007","2026-07-22 09:17:27:150","2026-07-22 09:17:27:150","Shirahatti PS","GADSHI","48211000000054390","48211000000054006",""
"48211000000074037","48211000000013007","2026-07-22 09:17:27:151","2026-07-22 09:17:27:151","Hassan PS","HASHAS","48211000000054391","48211000000054006",""
"48211000000074038","48211000000013007","2026-07-22 09:17:27:153","2026-07-22 09:17:27:153","Arasikere PS","HASARA","48211000000054391","48211000000054006",""
"48211000000074039","48211000000013007","2026-07-22 09:17:27:154","2026-07-22 09:17:27:154","Channarayapattana PS","HASCHA","48211000000054391","48211000000054006",""
"48211000000074040","48211000000013007","2026-07-22 09:17:27:155","2026-07-22 09:17:27:155","Holenarsipura PS","HASHOL","48211000000054391","48211000000054006",""
"48211000000074041","48211000000013007","2026-07-22 09:17:27:157","2026-07-22 09:17:27:157","Sakleshpura PS","HASSAK","48211000000054391","48211000000054006",""
"48211000000074042","48211000000013007","2026-07-22 09:17:27:158","2026-07-22 09:17:27:158","Aluru PS","HASALU","48211000000054391","48211000000054006",""
"48211000000074043","48211000000013007","2026-07-22 09:17:27:160","2026-07-22 09:17:27:160","Arakalagudu PS","HASARA2","48211000000054391","48211000000054006",""
"48211000000074044","48211000000013007","2026-07-22 09:17:27:161","2026-07-22 09:17:27:161","Beluru PS","HASBEL","48211000000054391","48211000000054006",""
"48211000000074045","48211000000013007","2026-07-22 09:17:27:162","2026-07-22 09:17:27:162","Ranibennur PS","HAVRAN","48211000000054392","48211000000054006",""
"48211000000074046","48211000000013007","2026-07-22 09:17:27:164","2026-07-22 09:17:27:164","Byadgi PS","HAVBYA","48211000000054392","48211000000054006",""
"48211000000074047","48211000000013007","2026-07-22 09:17:27:165","2026-07-22 09:17:27:165","Hangala PS","HAVHAN","48211000000054392","48211000000054006",""
"48211000000074048","48211000000013007","2026-07-22 09:17:27:167","2026-07-22 09:17:27:167","Haveri PS","HAVHAV","48211000000054392","48211000000054006",""
"48211000000074049","48211000000013007","2026-07-22 09:17:27:168","2026-07-22 09:17:27:168","Savanuru PS","HAVSAV","48211000000054392","48211000000054006",""
"48211000000074050","48211000000013007","2026-07-22 09:17:27:169","2026-07-22 09:17:27:169","Hirekeruru PS","HAVHIR","48211000000054392","48211000000054006",""
"48211000000074051","48211000000013007","2026-07-22 09:17:27:171","2026-07-22 09:17:27:171","Shiggavi PS","HAVSHI","48211000000054392","48211000000054006",""
"48211000000074052","48211000000013007","2026-07-22 09:17:27:172","2026-07-22 09:17:27:172","Rattihalli PS","HAVRAT","48211000000054392","48211000000054006",""
"48211000000074053","48211000000013007","2026-07-22 09:17:27:174","2026-07-22 09:17:27:174","Kalaburagi PS","KALKAL","48211000000048018","48211000000054006",""
"48211000000074054","48211000000013007","2026-07-22 09:17:27:175","2026-07-22 09:17:27:175","Afzalpura PS","KALAFZ","48211000000048018","48211000000054006",""
"48211000000074055","48211000000013007","2026-07-22 09:17:27:176","2026-07-22 09:17:27:176","Alanda PS","KALALA","48211000000048018","48211000000054006",""
"48211000000074056","48211000000013007","2026-07-22 09:17:27:178","2026-07-22 09:17:27:178","Chincholi PS","KALCHI","48211000000048018","48211000000054006",""
"48211000000074057","48211000000013007","2026-07-22 09:17:27:179","2026-07-22 09:17:27:179","Chitapura PS","KALCHI2","48211000000048018","48211000000054006",""
"48211000000074058","48211000000013007","2026-07-22 09:17:27:181","2026-07-22 09:17:27:181","Jevargi PS","KALJEV","48211000000048018","48211000000054006",""
"48211000000074059","48211000000013007","2026-07-22 09:17:27:182","2026-07-22 09:17:27:182","Sedam PS","KALSED","48211000000048018","48211000000054006",""
"48211000000074060","48211000000013007","2026-07-22 09:17:27:183","2026-07-22 09:17:27:183","Kamalapura PS","KALKAM","48211000000048018","48211000000054006",""
"48211000000074061","48211000000013007","2026-07-22 09:17:27:185","2026-07-22 09:17:27:185","Shahabad PS","KALSHA","48211000000048018","48211000000054006",""
"48211000000074062","48211000000013007","2026-07-22 09:17:27:186","2026-07-22 09:17:27:186","Kalgi PS","KALKAL2","48211000000048018","48211000000054006",""
"48211000000074063","48211000000013007","2026-07-22 09:17:27:188","2026-07-22 09:17:27:188","Yedrami PS","KALYED","48211000000048018","48211000000054006",""
"48211000000074064","48211000000013007","2026-07-22 09:17:27:189","2026-07-22 09:17:27:189","Madikeri PS","KODMAD","48211000000054393","48211000000054006",""
"48211000000074065","48211000000013007","2026-07-22 09:17:27:191","2026-07-22 09:17:27:191","Somawarapete PS","KODSOM","48211000000054393","48211000000054006",""
"48211000000074066","48211000000013007","2026-07-22 09:17:27:192","2026-07-22 09:17:27:192","Virajapete PS","KODVIR","48211000000054393","48211000000054006",""
"48211000000074067","48211000000013007","2026-07-22 09:17:27:194","2026-07-22 09:17:27:194","Ponnammapete PS","KODPON","48211000000054393","48211000000054006",""
"48211000000074068","48211000000013007","2026-07-22 09:17:27:195","2026-07-22 09:17:27:195","Kushalnagara PS","KODKUS","48211000000054393","48211000000054006",""
"48211000000074069","48211000000013007","2026-07-22 09:17:27:196","2026-07-22 09:17:27:196","Kolar PS","KOLKOL","48211000000054394","48211000000054006",""
"48211000000074070","48211000000013007","2026-07-22 09:17:27:198","2026-07-22 09:17:27:198","Bangarapete PS","KOLBAN","48211000000054394","48211000000054006",""
"48211000000074071","48211000000013007","2026-07-22 09:17:27:199","2026-07-22 09:17:27:199","Maluru PS","KOLMAL","48211000000054394","48211000000054006",""
"48211000000074072","48211000000013007","2026-07-22 09:17:27:201","2026-07-22 09:17:27:201","Mulabagilu PS","KOLMUL","48211000000054394","48211000000054006",""
"48211000000074073","48211000000013007","2026-07-22 09:17:27:202","2026-07-22 09:17:27:202","Srinivasapura PS","KOLSRI","48211000000054394","48211000000054006",""
"48211000000074074","48211000000013007","2026-07-22 09:17:27:203","2026-07-22 09:17:27:203","Kolar Gold Fields PS","KOLKOL2","48211000000054394","48211000000054006",""
"48211000000074075","48211000000013007","2026-07-22 09:17:27:205","2026-07-22 09:17:27:205","Koppala PS","KOPKOP","48211000000054395","48211000000054006",""
"48211000000074076","48211000000013007","2026-07-22 09:17:27:206","2026-07-22 09:17:27:206","Gangavathi PS","KOPGAN","48211000000054395","48211000000054006",""
"48211000000074077","48211000000013007","2026-07-22 09:17:27:208","2026-07-22 09:17:27:208","Kushtagi PS","KOPKUS","48211000000054395","48211000000054006",""
"48211000000074078","48211000000013007","2026-07-22 09:17:27:209","2026-07-22 09:17:27:209","Yelaburga PS","KOPYEL","48211000000054395","48211000000054006",""
"48211000000074079","48211000000013007","2026-07-22 09:17:27:211","2026-07-22 09:17:27:211","Kanakagiri PS","KOPKAN","48211000000054395","48211000000054006",""
"48211000000074080","48211000000013007","2026-07-22 09:17:27:212","2026-07-22 09:17:27:212","Karatagi PS","KOPKAR","48211000000054395","48211000000054006",""
"48211000000074081","48211000000013007","2026-07-22 09:17:27:213","2026-07-22 09:17:27:213","Kukanuru PS","KOPKUK","48211000000054395","48211000000054006",""
"48211000000074082","48211000000013007","2026-07-22 09:17:27:215","2026-07-22 09:17:27:215","Mandya PS","MANMAN2","48211000000054396","48211000000054006",""
"48211000000074083","48211000000013007","2026-07-22 09:17:27:216","2026-07-22 09:17:27:216","Madduru PS","MANMAD","48211000000054396","48211000000054006",""
"48211000000074084","48211000000013007","2026-07-22 09:17:27:217","2026-07-22 09:17:27:217","Malavalli PS","MANMAL","48211000000054396","48211000000054006",""
"48211000000074085","48211000000013007","2026-07-22 09:17:27:219","2026-07-22 09:17:27:219","Srirangapattana PS","MANSRI","48211000000054396","48211000000054006",""
"48211000000074086","48211000000013007","2026-07-22 09:17:27:220","2026-07-22 09:17:27:220","Krishnarajapete PS","MANKRI","48211000000054396","48211000000054006",""
"48211000000074087","48211000000013007","2026-07-22 09:17:27:222","2026-07-22 09:17:27:222","Nagamangala PS","MANNAG","48211000000054396","48211000000054006",""
"48211000000074088","48211000000013007","2026-07-22 09:17:27:223","2026-07-22 09:17:27:223","Pandavapura PS","MANPAN","48211000000054396","48211000000054006",""
"48211000000074089","48211000000013007","2026-07-22 09:17:27:224","2026-07-22 09:17:27:224","Mysuru PS","MYSMYS","48211000000048014","48211000000054006",""
"48211000000074090","48211000000013007","2026-07-22 09:17:27:226","2026-07-22 09:17:27:226","Hunasuru PS","MYSHUN","48211000000048014","48211000000054006",""
"48211000000074091","48211000000013007","2026-07-22 09:17:27:227","2026-07-22 09:17:27:227","Krishnarajanagara PS","MYSKRI","48211000000048014","48211000000054006",""
"48211000000074092","48211000000013007","2026-07-22 09:17:27:228","2026-07-22 09:17:27:228","Nanjanagodu PS","MYSNAN","48211000000048014","48211000000054006",""
"48211000000074093","48211000000013007","2026-07-22 09:17:27:230","2026-07-22 09:17:27:230","Heggadadevanakote PS","MYSHEG","48211000000048014","48211000000054006",""
"48211000000074094","48211000000013007","2026-07-22 09:17:27:231","2026-07-22 09:17:27:231","Piriyapattana PS","MYSPIR","48211000000048014","48211000000054006",""
"48211000000074095","48211000000013007","2026-07-22 09:17:27:232","2026-07-22 09:17:27:232","Tirumakudalu Narasipura PS","MYSTIR","48211000000048014","48211000000054006",""
"48211000000074096","48211000000013007","2026-07-22 09:17:27:234","2026-07-22 09:17:27:234","Saraguru PS","MYSSAR","48211000000048014","48211000000054006",""
"48211000000074097","48211000000013007","2026-07-22 09:17:27:235","2026-07-22 09:17:27:235","Saligrama PS","MYSSAL","48211000000048014","48211000000054006",""
"48211000000074098","48211000000013007","2026-07-22 09:17:27:237","2026-07-22 09:17:27:237","Raichuru PS","RAIRAI","48211000000054397","48211000000054006",""
"48211000000074099","48211000000013007","2026-07-22 09:17:27:238","2026-07-22 09:17:27:238","Sindhanuru PS","RAISIN","48211000000054397","48211000000054006",""
"48211000000074100","48211000000013007","2026-07-22 09:17:27:240","2026-07-22 09:17:27:240","Manvi PS","RAIMAN","48211000000054397","48211000000054006",""
"48211000000074101","48211000000013007","2026-07-22 09:17:27:241","2026-07-22 09:17:27:241","Devadurga PS","RAIDEV","48211000000054397","48211000000054006",""
"48211000000074102","48211000000013007","2026-07-22 09:17:27:243","2026-07-22 09:17:27:243","Lingasaguru PS","RAILIN","48211000000054397","48211000000054006",""
"48211000000074103","48211000000013007","2026-07-22 09:17:27:244","2026-07-22 09:17:27:244","Mudgal PS","RAIMUD","48211000000054397","48211000000054006",""
"48211000000074104","48211000000013007","2026-07-22 09:17:27:246","2026-07-22 09:17:27:246","Maski PS","RAIMAS","48211000000054397","48211000000054006",""
"48211000000074105","48211000000013007","2026-07-22 09:17:27:247","2026-07-22 09:17:27:247","Sirawara PS","RAISIR","48211000000054397","48211000000054006",""
"48211000000074106","48211000000013007","2026-07-22 09:17:27:249","2026-07-22 09:17:27:249","Ramanagara PS","RAMRAM","48211000000054398","48211000000054006",""
"48211000000074107","48211000000013007","2026-07-22 09:17:27:250","2026-07-22 09:17:27:250","Magadi PS","RAMMAG","48211000000054398","48211000000054006",""
"48211000000074108","48211000000013007","2026-07-22 09:17:27:251","2026-07-22 09:17:27:251","Kanakapura PS","RAMKAN","48211000000054398","48211000000054006",""
"48211000000074109","48211000000013007","2026-07-22 09:17:27:253","2026-07-22 09:17:27:253","Channapattana PS","RAMCHA","48211000000054398","48211000000054006",""
"48211000000074110","48211000000013007","2026-07-22 09:17:27:254","2026-07-22 09:17:27:254","Harohalli PS","RAMHAR","48211000000054398","48211000000054006",""
"48211000000074111","48211000000013007","2026-07-22 09:17:27:256","2026-07-22 09:17:27:256","Shivamogga PS","SHISHI","48211000000054399","48211000000054006",""
"48211000000074112","48211000000013007","2026-07-22 09:17:27:257","2026-07-22 09:17:27:257","Sagara PS","SHISAG","48211000000054399","48211000000054006",""
"48211000000074113","48211000000013007","2026-07-22 09:17:27:258","2026-07-22 09:17:27:258","Bhadravathi PS","SHIBHA","48211000000054399","48211000000054006",""
"48211000000074114","48211000000013007","2026-07-22 09:17:27:260","2026-07-22 09:17:27:260","Hosanagara PS","SHIHOS","48211000000054399","48211000000054006",""
"48211000000074115","48211000000013007","2026-07-22 09:17:27:261","2026-07-22 09:17:27:261","Shikaripura PS","SHISHI2","48211000000054399","48211000000054006",""
"48211000000074116","48211000000013007","2026-07-22 09:17:27:263","2026-07-22 09:17:27:263","Soraba PS","SHISOR","48211000000054399","48211000000054006",""
"48211000000074117","48211000000013007","2026-07-22 09:17:27:264","2026-07-22 09:17:27:264","Tirthahalli PS","SHITIR","48211000000054399","48211000000054006",""
"48211000000074118","48211000000013007","2026-07-22 09:17:27:265","2026-07-22 09:17:27:265","Tumakuru PS","TUMTUM","48211000000054400","48211000000054006",""
"48211000000074119","48211000000013007","2026-07-22 09:17:27:267","2026-07-22 09:17:27:267","Chikkanayakanahalli PS","TUMCHI","48211000000054400","48211000000054006",""
"48211000000074120","48211000000013007","2026-07-22 09:17:27:268","2026-07-22 09:17:27:268","Kunigal PS","TUMKUN","48211000000054400","48211000000054006",""
"48211000000074121","48211000000013007","2026-07-22 09:17:27:270","2026-07-22 09:17:27:270","Madhugiri PS","TUMMAD","48211000000054400","48211000000054006",""
"48211000000074122","48211000000013007","2026-07-22 09:17:27:271","2026-07-22 09:17:27:271","Sira PS","TUMSIR","48211000000054400","48211000000054006",""
"48211000000074123","48211000000013007","2026-07-22 09:17:27:272","2026-07-22 09:17:27:272","Tipturu PS","TUMTIP","48211000000054400","48211000000054006",""
"48211000000074124","48211000000013007","2026-07-22 09:17:27:274","2026-07-22 09:17:27:274","Gubbi PS","TUMGUB","48211000000054400","48211000000054006",""
"48211000000074125","48211000000013007","2026-07-22 09:17:27:275","2026-07-22 09:17:27:275","Koratagere PS","TUMKOR","48211000000054400","48211000000054006",""
"48211000000074126","48211000000013007","2026-07-22 09:17:27:277","2026-07-22 09:17:27:277","Pavagada PS","TUMPAV","48211000000054400","48211000000054006",""
"48211000000074127","48211000000013007","2026-07-22 09:17:27:278","2026-07-22 09:17:27:278","Turuvekere PS","TUMTUR","48211000000054400","48211000000054006",""
"48211000000074128","48211000000013007","2026-07-22 09:17:27:279","2026-07-22 09:17:27:279","Udupi PS","UDUUDU","48211000000054401","48211000000054006",""
"48211000000074129","48211000000013007","2026-07-22 09:17:27:281","2026-07-22 09:17:27:281","Kapu PS","UDUKAP","48211000000054401","48211000000054006",""
"48211000000074130","48211000000013007","2026-07-22 09:17:27:282","2026-07-22 09:17:27:282","Bynduru PS","UDUBYN","48211000000054401","48211000000054006",""
"48211000000074131","48211000000013007","2026-07-22 09:17:27:283","2026-07-22 09:17:27:283","Karkala PS","UDUKAR","48211000000054401","48211000000054006",""
"48211000000074132","48211000000013007","2026-07-22 09:17:27:285","2026-07-22 09:17:27:285","Kundapura PS","UDUKUN","48211000000054401","48211000000054006",""
"48211000000074133","48211000000013007","2026-07-22 09:17:27:286","2026-07-22 09:17:27:286","Hebri PS","UDUHEB","48211000000054401","48211000000054006",""
"48211000000074134","48211000000013007","2026-07-22 09:17:27:287","2026-07-22 09:17:27:287","Brahmavara PS","UDUBRA","48211000000054401","48211000000054006",""
"48211000000074135","48211000000013007","2026-07-22 09:17:27:289","2026-07-22 09:17:27:289","Karwara PS","UTTKAR","48211000000054402","48211000000054006",""
"48211000000074136","48211000000013007","2026-07-22 09:17:27:290","2026-07-22 09:17:27:290","Sirsi PS","UTTSIR","48211000000054402","48211000000054006",""
"48211000000074137","48211000000013007","2026-07-22 09:17:27:291","2026-07-22 09:17:27:291","Joida PS","UTTJOI","48211000000054402","48211000000054006",""
"48211000000074138","48211000000013007","2026-07-22 09:17:27:293","2026-07-22 09:17:27:293","Dandeli PS","UTTDAN","48211000000054402","48211000000054006",""
"48211000000074139","48211000000013007","2026-07-22 09:17:27:294","2026-07-22 09:17:27:294","Bhatkal PS","UTTBHA","48211000000054402","48211000000054006",""
"48211000000074140","48211000000013007","2026-07-22 09:17:27:295","2026-07-22 09:17:27:295","Kumta PS","UTTKUM","48211000000054402","48211000000054006",""
"48211000000074141","48211000000013007","2026-07-22 09:17:27:297","2026-07-22 09:17:27:297","Ankola PS","UTTANK","48211000000054402","48211000000054006",""
"48211000000074142","48211000000013007","2026-07-22 09:17:27:298","2026-07-22 09:17:27:298","Haliyal PS","UTTHAL","48211000000054402","48211000000054006",""
"48211000000074143","48211000000013007","2026-07-22 09:17:27:299","2026-07-22 09:17:27:299","Honnavara PS","UTTHON","48211000000054402","48211000000054006",""
"48211000000074144","48211000000013007","2026-07-22 09:17:27:301","2026-07-22 09:17:27:301","Mundagodu PS","UTTMUN","48211000000054402","48211000000054006",""
"48211000000074145","48211000000013007","2026-07-22 09:17:27:302","2026-07-22 09:17:27:302","Siddapura PS","UTTSID","48211000000054402","48211000000054006",""
"48211000000074146","48211000000013007","2026-07-22 09:17:27:304","2026-07-22 09:17:27:304","Yellapura PS","UTTYEL","48211000000054402","48211000000054006",""
"48211000000074147","48211000000013007","2026-07-22 09:17:27:305","2026-07-22 09:17:27:305","Vijayapura PS","VIJVIJ","48211000000054403","48211000000054006",""
"48211000000074148","48211000000013007","2026-07-22 09:17:27:306","2026-07-22 09:17:27:306","Indi PS","VIJIND","48211000000054403","48211000000054006",""
"48211000000074149","48211000000013007","2026-07-22 09:17:27:308","2026-07-22 09:17:27:308","Basavana Bagewadi PS","VIJBAS","48211000000054403","48211000000054006",""
"48211000000074150","48211000000013007","2026-07-22 09:17:27:309","2026-07-22 09:17:27:309","Sindgi PS","VIJSIN","48211000000054403","48211000000054006",""
"48211000000074151","48211000000013007","2026-07-22 09:17:27:310","2026-07-22 09:17:27:310","Muddebihala PS","VIJMUD","48211000000054403","48211000000054006",""
"48211000000074152","48211000000013007","2026-07-22 09:17:27:312","2026-07-22 09:17:27:312","Talikote PS","VIJTAL","48211000000054403","48211000000054006",""
"48211000000074153","48211000000013007","2026-07-22 09:17:27:313","2026-07-22 09:17:27:313","Devara Hipparagi PS","VIJDEV","48211000000054403","48211000000054006",""
"48211000000074154","48211000000013007","2026-07-22 09:17:27:314","2026-07-22 09:17:27:314","Chadchana PS","VIJCHA","48211000000054403","48211000000054006",""
"48211000000074155","48211000000013007","2026-07-22 09:17:27:316","2026-07-22 09:17:27:316","Tikote PS","VIJTIK","48211000000054403","48211000000054006",""
"48211000000074156","48211000000013007","2026-07-22 09:17:27:317","2026-07-22 09:17:27:317","Babaleshwara PS","VIJBAB","48211000000054403","48211000000054006",""
"48211000000074157","48211000000013007","2026-07-22 09:17:27:319","2026-07-22 09:17:27:319","Kolhara PS","VIJKOL","48211000000054403","48211000000054006",""
"48211000000074158","48211000000013007","2026-07-22 09:17:27:320","2026-07-22 09:17:27:320","Nidagundi PS","VIJNID","48211000000054403","48211000000054006",""
"48211000000074159","48211000000013007","2026-07-22 09:17:27:321","2026-07-22 09:17:27:321","Alamela PS","VIJALA","48211000000054403","48211000000054006",""
"48211000000074160","48211000000013007","2026-07-22 09:17:27:323","2026-07-22 09:17:27:323","Yadagiri PS","YADYAD","48211000000054404","48211000000054006",""
"48211000000074161","48211000000013007","2026-07-22 09:17:27:324","2026-07-22 09:17:27:324","Shahapura PS","YADSHA","48211000000054404","48211000000054006",""
"48211000000074162","48211000000013007","2026-07-22 09:17:27:325","2026-07-22 09:17:27:325","Surapura PS","YADSUR","48211000000054404","48211000000054006",""
"48211000000074163","48211000000013007","2026-07-22 09:17:27:327","2026-07-22 09:17:27:327","Gurmitkala PS","YADGUR","48211000000054404","48211000000054006",""
"48211000000074164","48211000000013007","2026-07-22 09:17:27:328","2026-07-22 09:17:27:328","Vadagera PS","YADVAD","48211000000054404","48211000000054006",""
"48211000000074165","48211000000013007","2026-07-22 09:17:27:329","2026-07-22 09:17:27:329","Hunsagi PS","YADHUN","48211000000054404","48211000000054006",""
"48211000000074166","48211000000013007","2026-07-22 09:17:27:331","2026-07-22 09:17:27:331","Hosapete PS","VIJHOS","48211000000054405","48211000000054006",""
"48211000000074167","48211000000013007","2026-07-22 09:17:27:332","2026-07-22 09:17:27:332","Hagaribommanahalli PS","VIJHAG","48211000000054405","48211000000054006",""
"48211000000074168","48211000000013007","2026-07-22 09:17:27:333","2026-07-22 09:17:27:333","Harapanahalli PS","VIJHAR","48211000000054405","48211000000054006",""
"48211000000074169","48211000000013007","2026-07-22 09:17:27:335","2026-07-22 09:17:27:335","Hoovina Hadagali PS","VIJHOO","48211000000054405","48211000000054006",""
"48211000000074170","48211000000013007","2026-07-22 09:17:27:336","2026-07-22 09:17:27:336","Kudligi PS","VIJKUD","48211000000054405","48211000000054006",""
"48211000000074171","48211000000013007","2026-07-22 09:17:27:337","2026-07-22 09:17:27:337","Kotturu PS","VIJKOT","48211000000054405","48211000000054006",""
